<?xml version="1.0" encoding="UTF-8"?>
<project-private xmlns="http://www.netbeans.org/ns/project-private/1">
    <editor-bookmarks xmlns="http://www.netbeans.org/ns/editor-bookmarks/2" lastBookmarkId="0"/>
    <open-files xmlns="http://www.netbeans.org/ns/projectui-open-files/2">
        <group>
            <file>file:/C:/Users/RSUI%20HA/Documents/NetBeansProjects/SIMRS-Khanza/src/keuangan/DlgCariPerawatanRanap.java</file>
            <file>file:/C:/Users/RSUI%20HA/Documents/NetBeansProjects/SIMRS-Khanza/src/simrskhanza/DlgPasien.java</file>
            <file>file:/C:/Users/RSUI%20HA/Documents/NetBeansProjects/SIMRS-Khanza/src/inventory/DlgResepObat.java</file>
            <file>file:/C:/Users/RSUI%20HA/Documents/NetBeansProjects/SIMRS-Khanza/src/simrskhanza/DlgPenanggungJawab.java</file>
            <file>file:/C:/Users/RSUI%20HA/Documents/NetBeansProjects/SIMRS-Khanza/src/inventory/DlgPeresepanDokter.java</file>
            <file>file:/C:/Users/RSUI%20HA/Documents/NetBeansProjects/SIMRS-Khanza/src/keuangan/DlgRekening.java</file>
            <file>file:/C:/Users/RSUI%20HA/Documents/NetBeansProjects/SIMRS-Khanza/src/simrskhanza/DlgKamarInap.java</file>
            <file>file:/C:/Users/RSUI%20HA/Documents/NetBeansProjects/SIMRS-Khanza/src/simrskhanza/DlgReg.java</file>
            <file>file:/C:/Users/RSUI%20HA/Documents/NetBeansProjects/SIMRS-Khanza/src/keuangan/DlgDetailJMDokter.java</file>
            <file>file:/C:/Users/RSUI%20HA/Documents/NetBeansProjects/SIMRS-Khanza/src/inventory/DlgPemberianObat.java</file>
            <file>file:/C:/Users/RSUI%20HA/Documents/NetBeansProjects/SIMRS-Khanza/src/keuangan/DlgPerkiraanBiayaRanap.java</file>
            <file>file:/C:/Users/RSUI%20HA/Documents/NetBeansProjects/SIMRS-Khanza/src/simrskhanza/DlgSpri.java</file>
        </group>
    </open-files>
</project-private>
